{"Encoder_Training Loss": 2.3140298885607837, "Decoder_Training Loss": 0.0007649096147786509, "_timestamp": 1698635709.6887624, "_runtime": 79.29297542572021, "_step": 0, "_wandb": {"runtime": 79}}