{"Training Loss": 1.6420372048742138e-05, "Validation Loss": 2.0864810721832328e-05, "Batch Processing": -0.0008869171142578125, "Forward Pass": 0.00030159950256347656, "Backward Pass": 0.0005853176116943359, "_timestamp": 1695499203.6386912, "_runtime": 187.1633162498474, "_step": 124, "Encoder Training Loss": 8.8457670211792, "Encoder Validation Loss": 8.548099517822266, "Decoder Training Loss": 0.01866931840777397, "Decoder Validation Loss": 0.017955966293811798, "_wandb": {"runtime": 186}}