{"Encoder_Training Loss": 1.045270017932186, "Decoder_Training Loss": 0.028107441511293612, "_timestamp": 1697210482.5582898, "_runtime": 83.29875588417053, "_step": 0, "_wandb": {"runtime": 82}}