{"Training Loss": 1.794501622498501e-05, "Validation Loss": 1.7325968656223267e-05, "Batch Processing": -0.0008437633514404297, "Forward Pass": 0.0002856254577636719, "Backward Pass": 0.0005581378936767578, "_timestamp": 1695505525.3541627, "_runtime": 173.4388427734375, "_step": 64, "Encoder Validation Loss": 9.497052192687988, "Decoder Validation Loss": 0.0564737431704998, "Encoder Training Loss": 11.662189483642578, "Decoder Training Loss": 2.0193796157836914, "_wandb": {"runtime": 172}}