{"Training Loss": 4.226259989081882e-06, "Validation Loss": 1.4872009160171729e-05, "_timestamp": 1695272940.2977679, "_runtime": 2794.6410279273987, "_step": 505, "_wandb": {"runtime": 2796}}