{"Training Loss": 1.6877263988135383e-05, "Validation Loss": 2.9437080229399726e-05, "Batch Processing": -0.0014197826385498047, "Forward Pass": 0.0004298686981201172, "Backward Pass": 0.0009899139404296875, "_timestamp": 1695504316.5837543, "_runtime": 588.7660303115845, "_step": 64, "Encoder Validation Loss": 9.488269805908203, "Decoder Validation Loss": 0.04659328609704971, "Encoder Training Loss": 11.41618537902832, "Decoder Training Loss": 1.7760436534881592, "_wandb": {"runtime": 588}}