{"Training Loss": 1.0061615284939762e-05, "Validation Loss": 2.792854320432525e-05, "Batch Processing": -0.001560211181640625, "Forward Pass": 0.00044465065002441406, "Backward Pass": 0.001115560531616211, "_timestamp": 1695500249.8576424, "_runtime": 164.71327233314514, "_step": 64, "Encoder Validation Loss": 9.4962797164917, "Decoder Validation Loss": 0.02878904901444912, "Encoder Training Loss": 10.668815612792969, "Decoder Training Loss": 1.0249382257461548, "_wandb": {"runtime": 164}}