{"Training Loss": 1.3141026101948228e-05, "Validation Loss": 2.6599982447805814e-05, "Batch Processing": -0.0012450218200683594, "Forward Pass": 0.0003402233123779297, "Backward Pass": 0.0009047985076904297, "_timestamp": 1695499648.0008554, "_runtime": 173.76678848266602, "_step": 124, "Encoder Training Loss": 9.636396408081055, "epoch": 29, "Encoder Validation Loss": 9.4811372756958, "Decoder Training Loss": 0.05153486877679825, "Decoder Validation Loss": 0.05148366093635559, "_wandb": {"runtime": 173}}