{"Encoder_Training Loss": 1.4780842502412725, "Decoder_Training Loss": 0.02917454077983413, "_timestamp": 1697211031.2296283, "_runtime": 80.33257341384888, "_step": 0, "_wandb": {"runtime": 80}}