{"Encoder_Training Loss": 1.9762841524313859, "Decoder_Training Loss": 0.0011385820568880585, "_timestamp": 1698635506.3874311, "_runtime": 80.80909419059753, "_step": 0, "_wandb": {"runtime": 80}}