{"Training Loss": 1.823293132474646e-05, "Validation Loss": 2.383354694757145e-05, "Batch Processing": -0.0011208057403564453, "Forward Pass": 0.0002789497375488281, "Backward Pass": 0.0008418560028076172, "_timestamp": 1695498882.682188, "_runtime": 178.31461095809937, "_step": 44, "Encoder Training Loss": [[0, 20.130970001220703], [1, 14.646894454956055], [2, 12.177267074584961], [3, 11.038457870483398], [4, 10.466976165771484], [5, 10.151248931884766], [6, 9.963733673095703], [7, 9.847003936767578], [8, 9.772343635559082], [9, 9.723934173583984]], "Encoder Validation Loss": [[0, 14.518261909484863], [1, 12.093406677246094], [2, 10.970979690551758], [3, 10.400481224060059], [4, 10.080578804016113], [5, 9.882766723632812], [6, 9.751679420471191], [7, 9.662881851196289], [8, 9.603028297424316], [9, 9.562909126281738]], "Decoder Training Loss": [[0, 0.0837889090180397], [1, 0.08427584171295166], [2, 0.08241739124059677], [3, 0.07833437621593475], [4, 0.07225564122200012], [5, 0.06477580219507217], [6, 0.05710715800523758], [7, 0.050788868218660355], [8, 0.046856965869665146], [9, 0.045345861464738846]], "Decoder Validation Loss": [[0, 0.08440626412630081], [1, 0.08250610530376434], [2, 0.0783674344420433], [3, 0.0722181499004364], [4, 0.06466010212898254], [5, 0.056928738951683044], [6, 0.050596486777067184], [7, 0.046718355268239975], [8, 0.045299407094717026], [9, 0.0456232950091362]], "_wandb": {"runtime": 177}}