{"Training Loss": 1.5401514247059822e-05, "Validation Loss": 5.508217873284593e-05, "Batch Processing": -0.0013971328735351562, "Forward Pass": 0.00044989585876464844, "Backward Pass": 0.0009472370147705078, "_timestamp": 1695505338.9296901, "_runtime": 1009.1105592250824, "_step": 64, "Encoder Validation Loss": 9.563028335571289, "Decoder Validation Loss": 0.02487829700112343, "Encoder Training Loss": 10.666328430175781, "Decoder Training Loss": 0.9822611808776855, "_wandb": {"runtime": 1008}}