{"Encoder_Training Loss": 0.29446026738088643, "Decoder_Training Loss": 1.892971892601689e-05, "_timestamp": 1698637874.93849, "_runtime": 267.33014702796936, "_step": 39, "Encoder_Validation Loss": 0.3226235598050873, "Decoder_Validation Loss": 1.847298623220498e-05, "_wandb": {"runtime": 275}}