{"Training Loss": 1.4932474186934996e-05, "Validation Loss": 3.7218564102659e-05, "Batch Processing": -0.0014317035675048828, "Forward Pass": 0.00043320655822753906, "Backward Pass": 0.0009984970092773438, "_timestamp": 1695503652.411466, "_runtime": 698.8386368751526, "_step": 64, "Encoder Validation Loss": 9.53512191772461, "Decoder Validation Loss": 0.014007684774696827, "Encoder Training Loss": 10.183216094970703, "Decoder Training Loss": 0.5023585557937622, "_wandb": {"runtime": 698}}