{"Encoder_Validation Loss": 9.530252456665039, "Decoder_Validation Loss": 0.014009549282491207, "_timestamp": 1695506113.0480475, "_runtime": 2.8953845500946045, "_step": 59, "Encoder_Training Loss": 10.15600872039795, "Decoder_Training Loss": 0.5035641193389893, "_wandb": {"runtime": 1}}